-- phpMyAdmin SQL Dump
-- version 4.0.4
-- http://www.phpmyadmin.net
--
-- Host: localhost
-- Generation Time: Nov 15, 2015 at 11:36 PM
-- Server version: 5.6.12-log
-- PHP Version: 5.4.16

SET SQL_MODE = "NO_AUTO_VALUE_ON_ZERO";
SET time_zone = "+00:00";


/*!40101 SET @OLD_CHARACTER_SET_CLIENT=@@CHARACTER_SET_CLIENT */;
/*!40101 SET @OLD_CHARACTER_SET_RESULTS=@@CHARACTER_SET_RESULTS */;
/*!40101 SET @OLD_COLLATION_CONNECTION=@@COLLATION_CONNECTION */;
/*!40101 SET NAMES utf8 */;

--
-- Database: `vikend`
--
CREATE DATABASE IF NOT EXISTS `vikend` DEFAULT CHARACTER SET utf8 COLLATE utf8_unicode_ci;
USE `vikend`;

-- --------------------------------------------------------

--
-- Table structure for table `article`
--

CREATE TABLE IF NOT EXISTS `article` (
  `id` int(11) NOT NULL AUTO_INCREMENT,
  `title` varchar(32) COLLATE utf8_unicode_ci NOT NULL,
  `text` text COLLATE utf8_unicode_ci NOT NULL,
  `image` varchar(64) COLLATE utf8_unicode_ci NOT NULL,
  `author` varchar(32) COLLATE utf8_unicode_ci NOT NULL,
  `published` tinyint(1) NOT NULL,
  `created` datetime NOT NULL,
  PRIMARY KEY (`id`)
) ENGINE=InnoDB  DEFAULT CHARSET=utf8 COLLATE=utf8_unicode_ci AUTO_INCREMENT=2 ;

--
-- Dumping data for table `article`
--

INSERT INTO `article` (`id`, `title`, `text`, `image`, `author`, `published`, `created`) VALUES
(1, 'Test', 'Lorem ipsum dolor sit amet, ei fuisset appellantur efficiantur pri, eam ne delenit elaboraret, no sea omnesque noluisse. Adhuc deterruisset ea quo, est essent verterem consequuntur in, lorem iudicabit ea sed. Sea nibh nemore intellegebat in, nibh harum mei ad. Eu nam aliquid inciderint, cum id dico delicata. Quo diceret nominavi consequuntur in, ea nemore conceptam cotidieque his, virtute habemus delicatissimi sed te. Ne mei vocibus ullamcorper concludaturque, ad stet quot sea, vel stet dissentiet ad.<br/>\r\nLorem ipsum dolor sit amet, ei fuisset appellantur efficiantur pri, eam ne delenit elaboraret, no sea omnesque noluisse. Adhuc deterruisset ea quo, est essent verterem consequuntur in, lorem iudicabit ea sed. Sea nibh nemore intellegebat in, nibh harum mei ad. Eu nam aliquid inciderint, cum id dico delicata. Quo diceret nominavi consequuntur in, ea nemore conceptam cotidieque his, virtute habemus delicatissimi sed te. Ne mei vocibus ullamcorper concludaturque, ad stet quot sea, vel stet dissentiet ad.', 'gdeZaVikend.jpg', 'Tester', 1, '2015-08-25 21:26:27');

-- --------------------------------------------------------

--
-- Table structure for table `catgry`
--

CREATE TABLE IF NOT EXISTS `catgry` (
  `id` int(2) NOT NULL AUTO_INCREMENT,
  `name` varchar(32) COLLATE utf8_unicode_ci NOT NULL,
  `descript` text COLLATE utf8_unicode_ci NOT NULL,
  `added` datetime NOT NULL,
  PRIMARY KEY (`id`)
) ENGINE=InnoDB  DEFAULT CHARSET=utf8 COLLATE=utf8_unicode_ci AUTO_INCREMENT=10 ;

--
-- Dumping data for table `catgry`
--

INSERT INTO `catgry` (`id`, `name`, `descript`, `added`) VALUES
(1, 'Gde u klub?', 'Lorem ipsum dolor sit amet, id saepe congue mea, ut nominavi mnesarchum nam, sea consulatu iracundia definiebas no. No quo nobis antiopam cotidieque. Ut ubique ocurreret eos, eos lorem labores ad. Qui cu probatus mediocritatem, eam te graece offendit apeirian, mazim eligendi convenire pri id.', '2015-06-14 19:34:55'),
(2, 'Gde je razonoda?', 'Lorem ipsum dolor sit amet, id saepe congue mea, ut nominavi mnesarchum nam, sea consulatu iracundia definiebas no. No quo nobis antiopam cotidieque. Ut ubique ocurreret eos, eos lorem labores ad. Qui cu probatus mediocritatem, eam te graece offendit apeirian, mazim eligendi convenire pri id.', '2015-06-14 19:35:21'),
(3, 'Gde na kupanje?', 'Lorem ipsum dolor sit amet, id saepe congue mea, ut nominavi mnesarchum nam, sea consulatu iracundia definiebas no. No quo nobis antiopam cotidieque. Ut ubique ocurreret eos, eos lorem labores ad. Qui cu probatus mediocritatem, eam te graece offendit apeirian, mazim eligendi convenire pri id.', '2015-06-14 19:37:03'),
(4, 'Gde u obilazak?', 'Lorem ipsum dolor sit amet, id saepe congue mea, ut nominavi mnesarchum nam, sea consulatu iracundia definiebas no. No quo nobis antiopam cotidieque. Ut ubique ocurreret eos, eos lorem labores ad. Qui cu probatus mediocritatem, eam te graece offendit apeirian, mazim eligendi convenire pri id.', '2015-06-14 19:38:05'),
(5, 'Gde na sport?', 'Lorem ipsum dolor sit amet, id saepe congue mea, ut nominavi mnesarchum nam, sea consulatu iracundia definiebas no. No quo nobis antiopam cotidieque. Ut ubique ocurreret eos, eos lorem labores ad. Qui cu probatus mediocritatem, eam te graece offendit apeirian, mazim eligendi convenire pri id.', '2015-06-14 20:36:12'),
(7, 'Gde u kafanu?', 'Lorem ipsum dolor sit amet, id saepe congue mea, ut nominavi mnesarchum nam, sea consulatu iracundia definiebas no. No quo nobis antiopam cotidieque. Ut ubique ocurreret eos, eos lorem labores ad. Qui cu probatus mediocritatem, eam te graece offendit apeirian, mazim eligendi convenire pri id.', '2015-06-15 09:58:40'),
(8, 'Gde na klopu i piće?', 'Lorem ipsum dolor sit amet, id saepe congue mea, ut nominavi mnesarchum nam, sea consulatu iracundia definiebas no. No quo nobis antiopam cotidieque. Ut ubique ocurreret eos, eos lorem labores ad. Qui cu probatus mediocritatem, eam te graece offendit apeirian, mazim eligendi convenire pri id.', '2015-06-15 10:13:15'),
(9, 'Gde na planinu?', 'Lorem ipsum dolor sit amet, id saepe congue mea, ut nominavi mnesarchum nam, sea consulatu iracundia definiebas no. No quo nobis antiopam cotidieque. Ut ubique ocurreret eos, eos lorem labores ad. Qui cu probatus mediocritatem, eam te graece offendit apeirian, mazim eligendi convenire pri id.', '2015-06-16 18:09:59');

-- --------------------------------------------------------

--
-- Table structure for table `comnt`
--

CREATE TABLE IF NOT EXISTS `comnt` (
  `id` int(11) NOT NULL AUTO_INCREMENT,
  `user` int(11) NOT NULL,
  `offer` int(11) NOT NULL,
  `text` text COLLATE utf8_unicode_ci NOT NULL,
  `added` datetime NOT NULL,
  PRIMARY KEY (`id`)
) ENGINE=InnoDB DEFAULT CHARSET=utf8 COLLATE=utf8_unicode_ci AUTO_INCREMENT=1 ;

-- --------------------------------------------------------

--
-- Table structure for table `nletter`
--

CREATE TABLE IF NOT EXISTS `nletter` (
  `id` int(11) NOT NULL AUTO_INCREMENT,
  `email` varchar(64) COLLATE utf8_unicode_ci NOT NULL,
  `created` datetime NOT NULL DEFAULT CURRENT_TIMESTAMP,
  PRIMARY KEY (`id`)
) ENGINE=InnoDB  DEFAULT CHARSET=utf8 COLLATE=utf8_unicode_ci AUTO_INCREMENT=2 ;

--
-- Dumping data for table `nletter`
--

INSERT INTO `nletter` (`id`, `email`, `created`) VALUES
(1, 'milos_dodic@live.com', '2015-11-15 23:26:57');

-- --------------------------------------------------------

--
-- Table structure for table `offer`
--

CREATE TABLE IF NOT EXISTS `offer` (
  `id` int(4) NOT NULL AUTO_INCREMENT,
  `catgry` int(2) NOT NULL,
  `name` varchar(64) COLLATE utf8_unicode_ci NOT NULL,
  `email` varchar(48) COLLATE utf8_unicode_ci NOT NULL,
  `phone` varchar(16) COLLATE utf8_unicode_ci NOT NULL,
  `website` varchar(64) COLLATE utf8_unicode_ci NOT NULL,
  `location` varchar(24) COLLATE utf8_unicode_ci NOT NULL,
  `image` varchar(32) COLLATE utf8_unicode_ci NOT NULL,
  `descript` text COLLATE utf8_unicode_ci NOT NULL,
  `added` datetime NOT NULL,
  `priority` int(2) NOT NULL,
  `expires` date NOT NULL,
  PRIMARY KEY (`id`)
) ENGINE=InnoDB  DEFAULT CHARSET=utf8 COLLATE=utf8_unicode_ci AUTO_INCREMENT=45 ;

--
-- Dumping data for table `offer`
--

INSERT INTO `offer` (`id`, `catgry`, `name`, `email`, `phone`, `website`, `location`, `image`, `descript`, `added`, `priority`, `expires`) VALUES
(1, 1, 'Splav Club 94', 'info@gdezavikend.rs', '0603047197', 'https://www.facebook.com/club94belgrade', '44.812660, 20.446670', '94.jpg', 'Splav Club 94 je mesto koje će vas oduševiti na prvu posetu. On je idealan za urbanu, uspešnu, zanimljivu ekipu koja prepoznaje clubbing atmosferu sa kvalitetnim house zvukom i nalazi se na najpopularnijem beogradskom mestu za letnji provod, na Savskom keju, između Železničnog mosta i Gazele u Brodarskoj bb. Splav Club 94 radi od 00:00h do 04:00h i ima mnogo toga kvalitretnog da vam ponudi.<br>\r\nNa oduševljenje svih istinskih clubbera na splavu Club 94 za dj pultom biće ekipa poznatih gradskih disk džokeja, a tokom sezone će biti mesta i za gostovanja popularnih stranih DJ-eva, što garanutuje najpozitivniju atmosferu i provode koji slobodno mogu parirati svetskim klubovima ovog pita. I enterijer splava Club 94 vrlo vešto i primamljivo koketira sa svetskim standardima. Francuski arhitekta Jean-Paul Bernardo postarao se ne samo da ovaj enterijer bude lep, funkcionalan, nezaboravan, nego da kada uđete na splav Club 94 zaista osetite da ste došli u neki poznat svetski klub i da se zabavljate rame uz rame sa najvećim facama. <br>\r\nSplav Club 94 već neko vreme ima vrlo dobar prepoznatljiv muzički program subotom pod nazivom Somebody Call the Doctor. Tada možete uživati u deep house, disco muzici i komercijalnom house. Novi dan za provod je petak i žurka po nazivom Pure Cream, gde možete đuskati do zore uz RnB i hip-hop zvuke. Menadžement splava planira uskoro da otvori i četvrtak za sve verne ljubitelje kvalitetne elektronske muzike. <br>\r\n<br>\r\nPon- ''94 (devedesetčetvrte) <br>\r\nPetak- Pure Cream RnB   <br>\r\nSubota- Somebody call the doctor ( House music) <br>\r\n<br>\r\nInfo/rez: 0603047197\r\n\r\n', '2015-06-14 19:48:47', 1, '2015-08-15'),
(2, 1, 'Splav Freestyler', 'info@gdezavikend.rs', '0603047197', 'http://www.freestyler.rs/', '44.8087073,20.4450094', 'free.jpg', 'Splav Freestyler je otvoren pre više od jedne decenije na Savskom keju u ulici Brodarska. Vrlo brzo nakon otvaranja zahvaljujući velikoj količini pozitivne energije koja je vladala na splavu splav zauzima jedno od vodećih mesta u noćnom životu Beograda. <br>\r\nTa ista pozitivna energija od pre više od deset godina i dan danas vlada splavom. Veliki šank na sredini splava je glavno mesto dešavanja. Svojom maštom, načinom i umećem pravljenja i ispijanja koktela, barmeni atmosferu na splavu dovode do tačke ključanja.<br>\r\nSplav Freestyler se nalazi na najpopularnijem beogradskom mestu za letnji provod, na Savskom keju u ulici Brodarska, između Starog železničnog mosta i mosta Gazela.\r\nSplav Freestyler je u okviru celokupne ponude Beograda postao sinonim za prepoznatljive letnje House, Disco, HipHop, R''n''B žurke i zabaviće sve koji požele da se pridruže. Po broju posetilaca splav Freestyler je najfrekventniji splav u Beogradu tokom vrelih letnjih meseci.<br>\r\nEnterijer Splava Freestyler je tako organizovan i konciran da zadovoljava svačije ukuse. Organizovan je po prstenovima, pri čemu je spoljašnji prsten splava popunjen velikim brojem separea za veća društva koja žele da se izdvoje. Nešto bliže centru se nalaze visoka sedenja i barski stolovi, dok je u samom centru veliki centralni šank gde možete uživati u klasičnom lounge iskustvu ako to želite.<br>\r\nSve one koji posete splav Freestyler, pored odlične muzike koju puštaju proslavljeni DJ-evi, zabaljaće atraktivne go go plesačice na mostiću koji se proteže preko celog splava. <br>\r\n<br>\r\nUtorak-Devedesete <br>\r\nSreda-RnB <br>\r\nCetvrtak- RnB 1 na 1 <br>\r\nPetak- Time Machine <br>\r\nSubota-House music <br>\r\nNedelja-Electronic dance music <br>\r\n<br>\r\nInfo/res: 0603047197', '2015-06-14 19:54:07', 0, '2015-08-15'),
(3, 1, 'Splav Hot Mess', 'info@gdezavikend.rs', '0603047197', 'https://www.facebook.com/HotMess.Belgrade', '44.821334, 20.443046', 'hotmess.jpg', 'Splav Hot Mess je jedinstveni novootvoreni bar u Beogradu, koji se nalazi na reci i u sklopu svog ambijenta poseduje i bazen. Svojim enterijerom pruža vam neverovatni osećaj kao da se nalazite na nekom od najpoznatijih mondenskih mesta. Za jako kratko vreme bar Hot Mess je uspeo da privuče veliki broj gostiju, kako iz zemlje, tako i iz inostranstva, i postao je jedan od sinonima za dobru zabavu i opuštanje. Uz izuzetno prijatno osoblje i moderan enterijer splav Hot Mess je definitivno mesto koje treba posetiti. <br>\r\nBilo da dođete u toku dana da se u vrelim danima rashladite na bazenu ili u večernjoj varijanti, gde uz rashlađeno vino možete da večerate i probate neki od raznoraznih specijaliteta vrhunskih kuvara, garantovano nećete pogrešiti. Ovde vas maksimalno zadovoljstvo i uživanje na svetskom nivou čekaju svakog trenutka. Pored bazena koji se nalazi u centralnom delu, na sredini splava, postoje udobni separei u obliku kreveta, gde se možete potpuno rasteretiti i prepustiti opuštajućim zvucima najbolje muzike u gradu.  Takođe, postoji i gornji nivo splava, ukoliko želite  da se malo izdvoite iz centra zbivanja, i uživate u intimnijoj atmosferi.\r\nTreba naglasiti da se na splavu bar Hot Mess organizuju i žurke popularnih dj-eva, kako uveče, tako i u toku dana. Žanrovski muzika je na splavu pretežno sumerena na Disco i House. Splav Hot Mess radi čak sedam dana u nedelji od 09h do 03h, i svakodnevno vam pruža neopisivo dobar provod, poput svetskih mesta ovakvog tipa. Splav Hot Mess se nalazi na reci Sava sa novobeogradske strane, odmah kod Muzeja savremene umetnosti, i predstavlja jedno od vodećih prestoničkih mesta za letnji provod. <br>\r\n<br>\r\nPon- RnB vece <br>\r\nPetak- "Friday Beat" powered by Viktor Savic <br>\r\nSubota- Crazy Saturday  <br>\r\nNedelja- "Sunday Session" <br>\r\n<br>\r\nInfo/res: 0603047197\r\n', '2015-06-14 19:56:31', 2, '2015-08-15'),
(4, 1, 'Lasta - Gradski splav', 'info@gdezavikend.rs', '0603047197', 'https://www.facebook.com/sava.mala.7', '44.798268, 20.435976', 'lasta.jpg', 'Splav Lasta dolazi od ekipe koja potpisuje poznate gradske klubove “Brankow”, “Mladost” i “Ludost” i po koncepciji predstavlja svojevrsnu mešavinu istih. Gradski Splav Lasta se nalazi u Savamali, tačnije u Hercegovačkoj ulici. Lasta predstavlja mesto koje na sofisticiran način spaja elegantno i prefinjeno sa duhom ludih i razuzdanih beogradskih žurki na reci. Ono što je jako bitno jeste da se ovde možete potpuno opustiti i uživati u prelepom ambijentu, ali se možete i prepustiti velikoj količini pozitivne energije koju je nemoguće ne osetiti, i tako đuskati do ranih jutarnjih časova.<br><br>\r\nPrvi splav sa beogradske strane Save i ujedno u starom delu prestonice gaji uglavnom DJ program, koji je namenjen onima koji zaista umeju da prepoznaju kvalitet i u njemu potpuno uživaju. Predstavlja utočište za prefinjenu gradsku ekipu koja prepoznaje i voli da se zabaljva uz vrhunski elektronski zvuk, sa akcentom na dip i disko haus melodije, koji se ne može sresti ni na jednom drugom mestu u gradu. Za pultom se inače menja ekipa poznatih gradskih disk džokeja, sa veoma zvučnim imenima, kao što su Peppe, Pookie i Goran Starčević, ali će biti mesta i za gostovanja stranih DJ zvezda, kao i za mešap i hip hop večeri.<br><br>\r\nGradski Splav Lasta se ističe i izdvajai i jedinstvenim ambijentom i enterijerom koji je osmislio je poznati arhitekta Đorđe Gec, čija su tvorevina i klubovi “Brankow”, “Mladost” i “Ludost”. Splav Lasta se nalazi na delu keja kod Starog savskog (Starog železničkog) mosta, na kraju Hercegovačke ulice, nedaleko od poznatih restorana “Iguana”, “Komunale“ i “Frida“. Do samog splava se može prići automobilom, a ispred se nalazi i veliki broj mesta za parking. <br> <br>\r\n<br>\r\nCetvrtak- Hip Hop ( Ike & Prema ) <br>\r\nPetak-LaCosta i Goran Starčević <br>\r\nSubota- Groovyman, Dooshan & Zwain    <br>\r\nNedelja- Matine  <br>  <br>\r\n\r\nInfo/res: 0603047197\r\n', '2015-06-14 20:00:10', 2, '2015-08-15'),
(5, 1, 'Splav Shake ''n'' Shake.', 'info@gdezavikend.rs', '0603047197', 'http://www.shake-n-shake.com/', '44.8199733,20.444718', 'shake.jpg', 'Splav Shake ''n'' Shake. Na ušću Save u Dunav, sa novobeogradske strane, nalazi se oaza savršenstva, i sve ono što ste želeli, a niste umeli da sročite. Pored toga što budi vašu maštu i otkriva i vaše najskrivenije strasti, ovo mesto ostavlja vas bez teksta, pa je i sasvim suludo dugo pisati o njemu, jer Shake ''n'' Shake treba osetiti. <br>\r\nIme plažnog bara govori samo za sebe! Simbolike je dosta, počevši od vrhunskih šejkova koji će vas potpuno oduševiti i otkriti vam nove dimenzije ukusa. Ležaljke, prostrani šank, krov od trske... morate priznati da vam samim čitanjem ovih redova miriše na idelno i opuštajuće, ali i na vrelo i primamljivo. U toku dana u baru Shake ''n'' Shake moći ćete potpuno da se rasteretite i odmorite od brzog prestoničkog života, da pobegnete od buke, a opet budete u centru svih dešavanja.<br>\r\nSplav Shake ''n'' Shake idealan je za trač partiju sa najboljom drugaricom, ali i za dobru knjigu... Ono što je sigurno bar Shake ''n'' Shake je nesumnjivo omiljeno mesto za hedoniste i ljude istančanog ukusa. Maksimalno opuštena atmosfera, kokteli koji vam golicaju maštu i pripremaju za vatrene noći, pozitivno naelektrisana ekipa, puno smeha, i naravno prelepih devojaka, samo su deo onoga što bar Shake ''n'' Shake nudi. Naime, mir koji ovde iskusite u toku dana sa zalaskom Sunca evoulira u ekstremno dobru energiju, kojoj dodatno doprinose vrhunski dj-evi, a neretko i fantastični bendovi koji ovde nastupaju.<br>\r\nUkoliko ste željni uživanja sa opuštenim devojkama koje se ne stide svog tela, a ni pomenutog na šanku, ovo je pravo mesto za vas. Ukoliko želite da preterate u piću, ljubljenju ili smehu, a da vam niko ne uputi pogled neodobravanja, ovde ćete se savršeno uklopiti. Splav Shake ''n'' Shake budi vašu pravu prirodu i dozvoljava da ne sputavate svoje instinkte za maksimalnim zadovoljstvom.<br>\r\n<br>\r\n<br>\r\nSreda-Shake d Wednesday ( Dj Architect ).<br>\r\nCetvrtak- 90e  .<br>\r\nPetak- Shake your mind, reset your soul .<br>\r\nSubota- Palooza party .<br>\r\nNedelja- Matine.<br>\r\n.<br>\r\nInfo/rez: 0603047197 ', '2015-06-14 20:20:58', 0, '2015-08-15'),
(6, 1, 'Klub Terassa', 'info@gdezavikend.rs', '0603047197', 'https://www.facebook.com/kalemegdanskaterasa', '44.8281369,20.4495392', 'terasa.jpg', 'Terassa je potpuno novo mesto u Beogradu. Nalazi se na Kalemegdanu na mestu nekadašnje letnje Cineme, odnosno kluba La Folie. Terassa predstavlja dobar miks lounge bara i noćnog kluba.<br><br>\r\nPreko dana Terassa je odlično mesto za chill out sa prijateljima, ispijanje koktela u debeloj hladovini sa pogledom na reku. Uveče se ovo mesto transformiše u noćni klub na otvorenom sa gostovanjima vrhunskih disk džokeja i najboljim house zvucima..<br><br>\r\nKlub Terasa posećuju pretežno stariji gosti, granica za ulaz u klub je 23 godine. Preporučujemo da posetite ovaj mali raj na Kalemegdanu, potrebno je samo da rezervišete svoje mesto na vreme. <br> <br>\r\n\r\nPetak -  Dirty Disco Friday by Goran Starcevic & LaCosta   <br>\r\nSubota- Trust me you can dance by Dj Oysha & Dj Marcco  <br>\r\nNedelja- SUNdaySET by Milos Starcevic & LaCosta  <br>\r\n <br>\r\nInfo/res: 0603047197', '2015-06-14 20:57:39', 1, '2015-08-15'),
(7, 1, 'Belgrade Boat Party', 'info@gdezavikend.rs', '069738930', 'https://www.facebook.com/BelgradeBoatParty', '44.822251, 20.436783', 'Boat.jpg', 'Belgrade Boat Party\r\n<br><br>\r\nDa li ste ikada zamisljali da ste na zurci dok brod plovi Beogradom? <br><br>\r\nMi jesmo, a rezultat tog razmišljanja stoji vam na raspolaganju… Nedaleko od ušća Save u Dunav, sa novobeogradske strane smešteno je mesto na kome počinje zabava: Jahting klub Kej nedaleko od TC Ušće, na dva nivoa luksuznog BBP Kej broda. <br><br>\r\nPozdravljamo mostove Beograda, poziramo dok dron iz vazduha snima našu zabavu, a kao vrhunac večeri, ukoliko potvrdimo da je Beograd centar zabave Evrope, zakazujemo novo druženje.<br><br>\r\nPosle Budimpešte i Praga na redu je…BEOGRAD, prvi, pravi i jedini BELGRADE BOAT PARTY, 6 sati nezaboravnog provoda uz dva sata krstarenja Dunavom i Savom. Opuštamo se i uživamo uz zvuke Pop, House, a kada to vi odlučite i uz zvuke domaće muzike !\r\nIz Evrope nam stižu različite stvari, pravila, propisi, prevedeni dopisi, tužbe, žalbe, kazne, turisti, ambasadori, gazirana i negazirana, alkoholna i bezalkohola pića, a stiže nam i žurka…I to kakva ! <br><br>\r\nNemamo more, ali ko kaže da žurka na brodu ne uspeva na reci ?! \r\n', '2015-06-14 21:01:07', 0, '2015-08-15'),
(16, 1, 'Splav River', 'info@gdezavikend.rs', '062 234 818', 'https://www.facebook.com/profile.php?id=100009292975755&fref=ts', '44.808810, 20.445155', 'River.jpg', 'Splav River predstavlja letnju izvedbu kluba Cinema i svakako je jedan od najpoznatijih i najpopularnijih splavova u Beogradu. Splav River se nalazi na najpopularnijem beogradskom mestu za letnji provod, na Savskom keju u ulici Brodarska, između Starog železničnog mosta i mosta Gazela.<br><br>\r\nNa splavu River su gostovala neka od najpoznatijih imena pop/folk domaće muzičke scene, a samo neka od njih su: Mira Škorić, Seka Aleksić, Dara Bubamara, Željko Vasić, Šako Polumenta, kao i mnogi drugi. Splav River radi pet dana u nedelji, ponedeljkom, sredom, petkom, subotom i nedeljom, kada svojim posetiocima pruža provod na svetskom nivou. Program je šarenolik, počevši od zabavnjačkog pa preko narodnjačkog stila, pa sve do zvukova R''n''B muzike, što ga svrstava u sam vrh ponude noćnog života Beograda.\r\nEnterijer splava River je tako koncipiran da su sva mesta međusobno povezana, što provodu na ovom splavu daje poseban šmek i dozu originalnosti. <br><br>\r\nAmbijent je potpuno podređen vašem maksimalnom uživanju, i zaista je neodoljiv kada je spektakularan izlazak u pitanju. Splav River je osmišljen tako da u njemu nema lošeg mesta, i ništa vam ne može promaći.<br><br>\r\nBilo da ste na nekom barskom stolu, visokom sedenju, ili u separeu, uvek kao da ste u centru zbivanja, što provod čini nezaboravnim gde god da se nalazili na splavu. Sistemi rasvete i ozvučenja su vrhunskog kvaliteta. Na splavu možete konzumirati najraznovrsnija pića, od odličnih koktela pa sve do najekskluzivnijih šampanjaca, dok su profesionalnost i ljubaznost osoblja, uz sve pomenuto, svakako nešto što će provod na ovom splavu činiti nezaboravnim. <br> <br>\r\n\r\nPon: JAMI <br>\r\nSre: Marko Zujovic & Katarina Gardijan<br>\r\nCet: DJani, Sneza & Acko (+ Vlada KERBER)<br>\r\nPet: ALEGRO BEND<br>\r\nSub: Marina Viskovic<br>\r\nNed: RnB Sunday <br>\r\n<br>\r\nInfo/res: 062 234 818', '2015-06-14 22:23:41', 0, '2015-08-15'),
(17, 1, 'Striptiz klub Black Rose', 'info@gdezavikend.rs', '065 / 616 7 525', 'http://www.branka-black-rose.com/', '44.801929, 20.465550', 'Black Rose.jpg', 'Striptiz klub Black Rose predstavlja najpoznatiji i najekskluzivniji striptiz noćni klub u Beogradu. Striptiz klub Black Rose nalazi se na veoma atraktivnoj lokaciji, na Slaviji, na adresi Deligradska 3a.<br><br>\r\n\r\nStriptiz klub Black Rose otvoren je svakog dana od 22h pa do 6 sati iza ponoći, za vaše lude i nezaboravne noćni. Vlasnica striptiz kluba Black Rose je Branka Milijančević, odnosno Branka Black Rose, srpska kraljica striptiza koja je u svet igranja ušla 1999. godine.<br><br>\r\n\r\nU striptiz klubu Black Rose, uživaćete uz najlepše striptiz igračice koje će vas svojim plesom i lepotom osvojiti. Njihov šarm, gracioznost, lepota i vreli striptiz će vam svakako ulepšati veče. Gosti striptiz kluba Black Rose uživaju u intimnoj atmosferi sa puno pozitivne energije. Igračice su veoma profesionalne, i veoma lako mogu osetiti šta vam prija i rasplamsati vašu strast i užitak do vrhunskih razmera.<br><br>\r\n\r\nPored standardnog ženskog striptiza uz atraktivne i zavodljive igračice, na menijiju striptiz kluba Black Rose je i fantastični muški striptiz po porudžbini. Striptiz klub Black Rose upravo je prvi striptiz klub za dame, koje su smele i rado bi promenile svoje rutinske izlaske. Ovo je najbolje mesto u gradu na kome možete uživati u striptizu do gole kože, uz go-go i vrele dens igračice, trbušni ples i još mnogo toga.<br><br>\r\n\r\nTakođe, valja pomenuti da su u Black Rose striptiz klubu cene pića veoma povoljne i prilagođene svačijem džepu, kao i da sve one koji budu ukazali poverenje ovom klubu očekuju mnoga iznenađenja.', '2015-06-15 04:47:57', 0, '2015-08-15'),
(18, 3, 'AquaPark PETROLAND', 'info@petroland.rs', '060 830 22 18 ', 'http://www.petroland.rs ', '45.353613,19.62479', 'petroland.jpg', 'AquaPark PETROLAND je najveća do sada izgrađena turističko-zabavna atrakcija u Srbiji. Ujedno, to je i najmoderniji AquaPark na prostoru celog Balkana. Nalazi se na teritoriji opštine Bački Petrovac, nadomak Novog Sada, 120 kilometara od Beograda, isto toliko udaljen od granice sa Mađarskom, i samo 20 km od graničnog prelaza sa Hrvatskom.\r\nGeotermalna voda koja izvire iz dubine od oko 800 metara, prirodne toplote iznad 40 stepeni omogućava korišćenje kompleksa AquaParka i tokom hladnijih meseci. Moderna tehnologija obezbeđuje hlađenje vode tokom letnjih vrućina.<br><br>\r\nUkupna površina AquaParka iznosi 20 ha. Izgradnja je predviđena u tri osnovne etape:\r\n1. etapa je završena u oktobru 2011. godine. <br><br>\r\nNa površini od oko 8 hektara se nalaze vodene zabavne atrakcije sa više od 20 velikih i manjih tobogana za najmlađe posetioce, koji se nalaze u sklopu najvećeg dečijeg vodenog zamka i tri kule za spuštanje sa tobogana. AquaPark u svom sastavu ima 6 bazena, ali i ostale zabavne sadržaje za decu i odrasle (adrenalin park, zabavnu zonu, multifunkcionalna igrališta za razne sportove, prostrane plaže sa ležaljkama i suncobranima itd.). Naravno, tu je i široka lepeza ugostiteljske ponude i drugih pratećih usluga.\r\nUživaćete u toboganima kao što je: Black Hole, Twister, Crazy Corn, King Slide, Tiger, Zebra, Rainbow, Kamikaze…  Jedinstveni bazen sa talasima, Divlja reka za avanturiste, Bazen za relaksaciju, Dečiji raj za najmlađe su samo neki od bazena koji će Vas prosto oduševiti. <br><br>\r\nU AquaParku Vas čeka puno zabave, adrenalina, ali i opuštanje i relaksacija. Dođite i prepustite se uživanju, jer AquaPark je upravo ono što Vam treba, a to je odmor za dušu i telo!<br><br>\r\nPosetite AquaPark PETROLAND Bački Petrovac, jer je to mesto gde ćete doživeti čaroliju.\r\n', '2015-06-15 05:16:50', 0, '2015-08-15'),
(19, 2, 'Sony igraonica MLG', 'info@gdezavikend.rs', '065/241 241 5', 'http://www.igraonicamlg.rs', '44.763990, 20.478636', 'miki.jpg', 'Sony PlayStation igraonica MLG je najbolje opremljena igraonica koja svim posetiocima nudi vrhunsku udobnost uz najpovoljnije cene u gradu. Igraonica je opremljena Sony PlayStation konzolama 3 i 4, LG televizorima od 42 i 49 inča uz najudobniji nameštaj.\r\n<br><br>\r\nUkoliko želite da kvalitetno i udobno provedete vreme u društvu Vaših prijatelja ili voljene osobe, uz najtraženije igrice, posetite igraonicu MLG i potpuno uživajte u nesvakidašnjem iskustvu igranja na televizorima od 42 i 49 inča. Sve posetioce kod nas očekuju uvek najnovije igrice:\r\n<br><br>\r\n-NBA 15\r\n-FIFA 15\r\n-GTA 5\r\n-Call Of Duty\r\n-Lego Marvel\r\n-Watch Dogs\r\n-NFL\r\n-Assassin''s Creed\r\n-Drive Club\r\n-Need For Speed\r\n-Far Cry 4\r\n-PES 15\r\nU prijatnom i udobnom ambijentu igraonice MLG dočekaće Vas naše stručno i profesionalno osoblje koje Vam uvek stoji na usluzi. Sve to prate više nego povoljne cene naših usluga. Takođe, svim našim posetiocima obezbeđen je Wi-Fi i adekvatan parking prostor.\r\n<br><br>\r\nRadno vreme:\r\nSvaki dan 10h -01h\r\n<br><br>\r\nSony PlayStation igraonica MLG se nalazi u blizini FON-a, FPN-a, Saobraćajnog fakulteta i Visoke elektrotehničke škole.\r\nBulevar oslobođenja 241, Beograd', '2015-06-15 05:25:16', 0, '2015-08-15'),
(20, 5, 'Udruženje SOFA', 'info@sofa.rs', '/', 'http://www.sofa.rs/', '44.7627796,20.4309659', 'sofa.jpg', 'Udruženje SOFA – studentske i omladinske fizičke aktivnosti – osnovali su studenti i mladi stručnjaci do 35 godina. Cilj Udruženja je da svojim delovanjem doprinosi razvoju, afirmaciji i promociji sporta i fizičkih aktivnosti i povećanju bavljenja dobrovoljnim i rekreativnim sportom u svim segmentima stanovništva Srbije a prvenstveno među populacijom od 18 do 25 godina.<br><br>\r\n\r\nSOFA omogućava studentima od 18 do 25 godina da se besplatno bave jednim od 25 ponuđenih sportova. Pokušavamo da uspostavimo u ovom današnjem vremenu ono što je postojalo nekada, kada su naši roditelji bili mladi, a to je kultura sporta kao sastavnog dela zdravog života. Nekada se dan započinjao gimnastikom, a danas ga najviše ljudi započinje kafom i cigarom. To je ono što želimo da promenimo!<br><br>\r\n\r\nAktivnosti Udruženja SOFA su osmišljene tako da se javni ili državni sportski objekti (hale, bazeni…) u nepopularnim ili nepopunjenim terminima stave besplatno na korišćenje studentima. Treneri će biti mladi stručnjaci iz oblasti sporta, SOFA mrežu po gradovima Srbije vodiće studenti-koordinatori, a korisnici usluga biće omladina i studenti kojima je na raspolaganju 25 fizičkih aktivnosti i sportova. Počinje u Beogradu, a proširiće se i na druge univerzitetske gradove u Srbiji (Novi Sad, Kragujevac, Niš, Subotica, Novi Pazar, Zrenjanin, Čačak…).<br><br>\r\n\r\nUdruženje se u obavljanju sportskih i rekreativnih aktivnosti i delatnosti naročito angažuje na afirmaciji duha olimpizma, podsticanju fer pleja, unapređenju vaspitno-obrazovnog i stručnog rada u sportu; podsticanju i afirmaciji dobrovoljnog rada u sportu, borbi protiv lažiranja, suzbijanju nasilja i dopinga u sportu.', '2015-06-15 05:29:46', 0, '2015-08-15'),
(22, 3, 'Aqua park Izvor', 'office@aquapark-izvor.com', '034 700 500', 'http://www.aquapark-izvor.com', '44.3079089,20.5617928', 'izvori.jpg', 'Aqua park Izvor se nalazi u Aranđelovcu, u Bukovičkoj banji, na samo sat vremena vožnje od Beograda. Na površini od 60.000 m2 uz moderne atrakcije i najviše tobogane u Srbiji, možete doživeti jedinstveno adrenalinsko iskustvo!<br><br>\r\nAqua park, koji se nalazi u okviru kompleksa hotela Izvor, će zadovoljiti i najzahtevnije posetioce koji su imali priliku da uživaju na sličnim mestima u svetu. Tri bazena sa termomineralnom vodom, dvanaest slajdova ( tobogana) za odrasle, od kojih najduži ima 120m, a najviši 22 m , tri slajda za decu i mnoštvo atrakcija čine ovaj aqua park atraktivnim za osobe željne avanture, kao i za porodice sa decom. <br><br>\r\nU kompleksu je smešten Nacionalni restoran u dva nivoa na 1500m2, kafe-picerija, poslastičarnica sa sendvič barom, igrališta za decu, mnogobrojni sportski tereni, klizalište u zimskom periodu, a u amfiteatru mogu da se organizuju razna muzička i druga kulturna dešavanja. Obezbeđeni su prateći sadržaji kao što su svlačionice i parking mesta.', '2015-06-15 05:40:58', 1, '2015-08-15'),
(23, 5, 'Top Body Fit teretana ', 'topbodyfit@gmail.com', '011/21-311-22 ', 'http://www.topbodyfit.com/', '44.817514, 20.421125', 'Top Bodz Fit.jpg', 'Fitness Studio “Top Body Fit” nudi najmodernije treniranje uz mašine I princip ličnog trenera “Miha Bodytec”, uz to nudimo i više vrsta masaža kao što su anticelulit, relax, sportska i parcijalna masaža. Najpovoljnije cene u Beogradu. Miha Bodytec Individualni trening za samo 1000 dinara, i veoma povoljne cene masaža.\r\nFitness Studio “Top Body Fit” nalazi se u samom srcu Novog Beograda, u ulici Španskih boraca 14/24. Radimo svakog dana od 8 do 22h. Naša adresa je poznata starijim vežbačima, koji su tu ranije dolazili I trenirali na Miha Bodytec mašini. Sada je tu Novi tek otvoren Studio za Trening na Miha Bodytec mašini i masažu. Renoviran prostor, sa novom opremom i novi Fitness Studio “Top Body Fit” nudi najpovoljnije cene na tržištu, i poziva Vas da nas posetite i vežbate zajedno sa nama. \r\nSamo kod nas u Top Body Fit – Fitness Studiu prvi trening je besplatan. Naši verni vežbači dobijaju  Novu Originalnu opremu Miha Bodytec (Body majica I bermude) na poklon! Dođite I uverite se u moć treniranja sa Miha Bodytec sistemom u prijatnom ambijentu Fitness Studia “Top Body Fit”. \r\nSada imate priliku da postanete deo našeg tima, vežbate zajedno sa nama i održavate vašu linije i zdravlje. imamo i specijalna iznenađenja. Kod nas dobijate kompletnu opremu za treniranje, a vaše je samo da uživate u postizanju veoma brzih rezultata uz Miha Bodytec.\r\n', '2015-06-15 09:53:01', 0, '2015-08-15'),
(24, 7, 'Bašta Gaučosi', 'info@gdezavikend.rs', '0603047197', 'https://www.facebook.com/KafanaDrugaKucaGaucosi?fref=ts', '44.8272546,20.4526783', 'gaucosi.jpg', 'Bašta Gaučosa je letnja varijanta kafane Druga Kuća Gaučosi koja se nalazi u ulici Bulevar Vojvode Bojovića 10, kod Kalemegdana, u srcu Dorćola.  Idealna lokacija je još jedan razlog više da je posetite.\r\nBašta Gaučosa krije oazu mira, prijatnog ambijenta bogatog palmama i raznim biljem koji danju daju idealno mesto za vašu prvu jutarnju kafu, frape u podne i koktel uveče, kada se ambijent pretvara u kafanu koju karakterišu sjajna gostovanja i kvalitetna pića i usluga!\r\nUšuškana između zelenila, Bašta Gaučosa je idealno mesto da sa društvom leti odmorite od uzavrelog beogradskog asfalta.\r\nDobro ozvučenje, savršeno osvetljenje, ambijent osmišljen tako da odgovara svačijem ukusu i omogući maksimalno prepuštanje svim čarima prestoničkog vajba, samo su neke od stvari koje karakterišu Baštu Gaučosa.\r\nU zavisnosti od onoga šta vam najviše leži i šta vam najviše odgovara za provod, možete birati da li želite separe, visoko sedenje, kafanski sto, barski sto ili pult. Kapacitet Bašte Gaučosa je 500 ljudi, a usluga je besprekorna i može se meriti sa uslugom na poznatim vodećim svetskim mestima za provod.\r\nU Bašti Gaučosa imate veliki asortiman pića , a cene su pristupačne, baš prilagođene boemskom džepu. U ponudi su izvanredna vina i rakije, koje obavezno morate probati.\r\nGosti Bašte Gaučosa mogu da očekuju samo vrhunske izvođače i poznavaoce prave pesme koja je garant dobre zabave i besprekornog veselja.  U Bašti Gaučosa muzički repertoar pretežno se žanrovski definiše kao narodna, odnosno na pravu kafansku muziku uz koju ne možete, a da ne ustanete i zaigrate!\r\nProsto, Bašta Gaučosi je takvo mesto da uživanje i ludi provod ovde ne izostaju. Ne verujte nam na reč! Proverite i sami! Dođite i provedite se kao nikada do sada.\r\nBašta Gaučosi odiše odličnom atmosferom, i namenjena je svima koji su željni dobrog provoda. Razervišite svoje mesto na vreme i provedite prijatne trenutke u srcu Dorćola. Promenite noćni život Beograda i budite sa najboljima! <br>\r\n<br>\r\nPetak - gostovanja <br>\r\nSubota- Filip Mitrovic <br>\r\n<br>\r\n\r\n', '2015-06-15 09:57:08', 1, '2015-08-15'),
(25, 7, 'Gradski splav Amsterdam', 'info@gdezavikend.rs', '0603047197', 'https://www.facebook.com/gradskisplavamsterdam?fref=ts', '44.828909,20.422361', 'amsterdam.jpg', 'Gradski Splav Amsterdam se nalazi na Zemunskom keju, na obali Dunava, u blizini hotela Jugoslavija. Do večernjih sati ugledan restoran sa pravim ambijentom za ručak ili večeru, a sada se vraća u velikom stilu i pretenduje da postane ono što je nekada bio, najbolji splav za noćni izlazak.\r\nGradski splav Amsterdam je simbol noćnog života Beograda, splav sa modernim enterijerom, rasvetom, odličnim zvukom, a na sve to idu KAFANSKE cene i gostovanja poznatih izvođača.\r\nOnima koji su nekada izlazili na ovo poznato mesto i onima nešto mlađim, koji nisu izlazili u to vreme, preporučujemo da pogledaju aktuelan program i rezervišu svoje mesto za najbolji noćni provod.\r\n\r\n', '2015-06-15 10:01:27', 0, '2015-08-15'),
(26, 7, 'Kafana Jos ovu noc', 'info@gdezavikend.rs', '0603047197', 'https://www.facebook.com/pages/JOS-OVU-NOC/475753715805655?fref=', '44.7886832,20.5002828', 'Jos ovu noc.jpg', 'Kafana Još Ovu Noć nalazi se na Vračaru, u ulici Vojislava Ilića 86. Enterijer kao sa razglednica na kojima je prikazan stari grad, izvanredna živa muzika, najbolje srpske rakije, podsetiće vas na onaj po malo zaboravljeni duh nekadašnjeg Beograda, kada je kafana bila simbol svih najznačajnijih događaja u gradu i životima pojedinaca.\r\nKafana Još Ovu Noć, podsetiće vas na naše najviđenije boeme i vreme kada su oni na karirarim stolnjacima i violinama na uvce stvarali svoje najlepše pesme. A fenjeri, drveni stolovi i stolice, zidovi koji imaju dušu i oslikavaju baš ono vreme za kojim se pati, praćeni adekvatnom muzikom koja bas uvek pogodi vasu pesmu garant su dobrog i nezaboravnog provoda.\r\nNeobičan, specifičan i izazovan duh koji struji duž kafane Još Ovu Noć, navešće vas da se opustite i prisetite najlepših trenutaka u svom životu, kada ste voleli, prvi put ljubili, patili , plakali i sve to za kafanskim stolom uz muziku koja vas dira.\r\nU kafani Još Ovu Noć piće je izuzetno kvalitetno, a cene pristupačne, baš prilagođene boemskom džepu. Dok slušate svoju omiljenu pesmu, uživate u srpskim rakijama ili izvanrednom vinu imate mogućnost i da zamezite.\r\nU ovom boemskom hramu, rezervacije su obavezne, ali su besplatne. Muzika koja će učiniti da stara vremena ožive pred vama, dok gledate stare slike na zidovima kafane, uživaćete u taktovima pesama koje su simbol dobrog provoda. Ljubazno osoblje će učiniti da vam svaka poseta ovoj kafani ostane duboko urezana u sećanje i da uvek poželite da se vratite da zajedno igrate,plešete i pevate.\r\nI bas po taktovima pesme Još ovu noć za njene oči, još ovu noć za njeno lice, svirači ce naštimati vaše emocije i vaše raspoloženje podići na najviši mogući nivo. U duhu boemske tradicije, vrata kafane Još Ovu Noć, iza kojih će se odigrati sada neka vaša ljubavna priča, možda nastati neka vaša ljubavna pesma za vas su otvorena svakog dana od srede do nedelje. Još ovu noć je simbol dobrog provoda, dođite i provedite se bolje nego ikad.\r\n', '2015-06-15 10:05:34', 1, '2015-08-15'),
(27, 8, 'Jimmy Woo', 'info@gdezavikend.rs', '060 3116688', 'https://www.facebook.com/jimmywoobegd?fref=ts', '44.821535,20.461834', 'jimi.jpg', 'Bar Jimmy Woo Jimmy Woo u Strahinjića Bana 47 je fantastično mesto koje će obožavati svi poklonici urbanog provoda. Zanimljivo je napomenuti da je bar dobio ime po kinesko-američkom strip junaku, koji je pandan Džejmsu Bondu. Reč je o konceptu lounge bara koji je svojom pojavom na veoma lep i specifičan način obogatio ugostiteljsku ponudu centra prestonice. Jimmy Woo radi od 09:00h do 00:00h, a vikendom do 01:00h i može da ugosti 250 ljudi, koji pored savremenog enterijera, koji se temelji na izvanrednom dizajnu svoje goste može da iznenadi i zadovolji savršeno uklopljenim menijem i fantastičnom muzikom. Gosti različitih afiniteta, vrhunsko zadovoljstvo upozneće baš u ovom baru. Specijaliteti japanske, azijske i internacionalne fusion kuhinje su savršeni i preukusni i dok budete uživali u njima osećaćete se posebno. Na meniju se, između ostalog, nalaze se i originalne suši rolnice, stejkovi, nudle, ali i najukusniji burgeri i paste. Bar Jimmy Woo nudi raznovrsni asortiman italijanskih, španskih i francuskih vina, viskija i burbona, šampanjaca, koktela, kao i sokova i toplih napitaka. Prostor se sastoji iz dve namenske celine koje se skladno uklapaju zahvaljujući modernom i prelepom enterijeru koji je dizajniran upravo tako da vam pruži predivan i neponovljiv osećaj, za koji ćete želeti da vas nikada ne napusti. Preko dana u lokalu se pušta lounge muzika, a od srede do subote, u večernjim časovima, koketira se i sa klupskom atmosferom zahvaljujući nastupima DJ-eva koji favorizuju elektro zvuk, kao i new i space disco.', '2015-06-15 10:16:08', 0, '2015-08-15'),
(29, 7, 'Splav Bard', 'info@gdezavikend.rs', '0603047197', 'https://www.facebook.com/SplavBard?fref=ts', '44.822830, 20.439620', 'bard.jpg', 'SPLAV BARD je otvoren u leto 2015. i jako brzo je postao sinonim za najbolji noćni provod u Beogradu. Nalazi se na mestu nekadašnjeg splava Jimmys, a nastao je spajanjem zimskih lokala - kafane Ko to tamo peva i Gradske kafane i predstavlja svojevrsnu kombinaciju noćnog kluba i kafane.\r\nIskustvo ljudi koji su vodili ove 2 popularne zimske kafane, garant su da će i provod na splavu Bard biti bez premca, mesto kome će se svaki gost rado vraćati.\r\nOčekuju vas gostovanja velikih domaćih muzičkih zvezda i večeri pune pozitivne energije - to je splav kafana BARD.\r\n', '2015-06-15 10:34:03', 1, '2015-08-15'),
(30, 7, 'Splav Kafana Uzbuna', 'info@gdezavikend.rs', '0603047197', 'https://www.facebook.com/SplavKafanaUzbuna?fref=ts', '44.816467, 20.446293', 'uzbuna.jpg', 'Na mestu gde se spaja Beograd, na ušću Save u Dunav, otvorena je kafana na vodi za prave kafanske sladokusce. Ovog leta će svi boemski putevi voditi u kafanu na vodi "UZBUNA".\r\nKafana sa originalnim nazivom vam nudi neponovljiv provod, a možete očekivati samo najbolje izvođače, kafanske cene pića i najbolju zabavu.\r\nKafana "Uzbuna" se nalazi na keju koji postaje sve popularniji za noćni provod, u prostoru koji odiše kafanskim duhom čim zakoračite u njega. Za goste koji dolaze sopstvenim prevozom obezbeđen je veliki parking, a splav kafana Uzbuna pored vrhunskog provoda nudi i neponovljiv pogled na Kalemegdan noću.\r\nOvo je definitivno jedna od kafana u koju ako jednom dođete, uvek ćete se vraćati. Zato vam preporučujemo da je svakako posetite.\r\n', '2015-06-15 10:35:08', 1, '2015-08-15'),
(31, 7, 'Kafana Stari Blay', 'info@gdezavikend.rs', '0603047197', 'https://www.facebook.com/KafanaStariBlay.fanpage?fref=ts', '44.8113144,20.4460424', 'Stari blek.jpg', 'Kafana Stari Blay se nalazi na najpopularnijem beogradskom mestu za letnji provod, na Savskom keju u ulici Brodarska bb, pored Železničkog mosta, i predstavlja mesto koje će vas oduševiti već prilikom vaše prve posete.\r\nNaime, ono što treba da znate za kafanu Stari Blay je da se nalazi na mestu nekadašnjeg splava Blaywatch, ali da vas očekuje nešto sasvim novo. Zbog velike popularnosti i potražnje menadžment najpopularnije kafane u gradu - Kod Glumca je preuzeo splav Blaywatch i samo za vas napravio novu letnju kafanu Stari Blay. Kafana Stari Blay je u potpunosti renovirana, sto bi rekli ''''od poda do plafona'''' i predstavlja pravo boemsko mesto. Čim uđete u kafanu Stari Blay prepoznaćete koliko je uloženo u kvalitet provoda koji će vas odmah osvojiti.\r\nPored toga, kafana Stari Blay je ujedno i najveća kafana splav na reci i u ovom autentičnom ambijentu može da se zabavlja čak 500 ljudi. Gde god se smestili u ovom objektu idealno ste pozicionirani da uživate u zabavi koja je osmišljena samo za vas. U skladu sa svojim afinitetima možete rezervisati separe, kafanski sto ili barski sto.\r\nOno što je jako bitno je da gosti kafane Stari Blay mogu da očekuju gostovanja najpoznatijih imena naše scene poput Ane Bekute, Šabana Šaulića, Vesne Zmijanac, Saše Matića, Nede Ukraden, Marinka Rokvića, Snežane Đurišić i mnogih drugih velikana kao i uvek aktuelne mlade Zvezde Granda.\r\nUsluga je na vrhunskom nivou, sve što se ovde nudi ocenićete najvišom mogućom ocenom i rado dovoditi prijatelje da im pokažete idealno kafansko mesto koje ste otkrili i koje vam se u rekordom roku uvuklo pod kožu. Menadžment kafane će se potruditi da vam stalno priređuje nešto novo i zanimljivo, tako da će svaki vaš izlazak u ovu kafanu biti nova i neponovljiva avantura.\r\n', '2015-06-15 10:36:54', 0, '2015-08-15'),
(32, 1, 'Splav Sindikat', 'info@gdezavikend.rs', '0603047197', 'https://www.facebook.com/thebox.klub.9?fref=ts', '44.8059352,20.4478194', 'sindikat.jpg', 'Splav Sindikat je, sada već poznati beogradski splav, otvoren na leto 2010. godine. Vrlo kratko nakon otvaranja uspeo je da postane "must be" mesto u gradu.\r\nSplav Sindikat se nalazi na najpopularnijem beogradskom mestu za letnji provod, na Savskom keju u ulici Brodarska, između Starog železničnog mosta i mosta Gazela.\r\nEnterijer splava je specifičnog dizajna, što ovo mesto čini drugaćijim od svega na šta ste do sad navikli, a renoviran je u novoj sezoni 2014. Mada, kako vlasnici splava vole da kažu, ovaj prostor ne čini enterijer, muzika, osoblje…. dušu ovog lokala čine njegovi gosti!\r\nSplav Sindikat okuplja urbanu gradsku ekipu. Ljude koji znaju šta znači dobar provod i kvalitetna muzika. Opuštene devojke koje umeju da se zabavljaju, ali stvarno... Uz sve to, u šanku su barmeni koji spremaju bezbroj ukusnih koktela, i koji će sa osmehom na licu i pozitivnom energijom ugostiti sve klabere željne fenomenalnog provoda.\r\nNa Sindikatu možete konzumirati najraznovrsnija pića, od odličnih koktela pa sve do najekskluzivnijih šampanjaca. Dok su profesionalnost i ljubaznost osoblja, uz sve pomenuto, svakako nešto što će provod na ovom splavu činiti nezaboravnim.\r\nSplav Sindikat, spreman je za svako vrelo leto koje je pred nama. Raznovrstan muzički program, koji će zadovoljiti sve ukuse, čak i one najprobirljivije. Splav Sindikat radi dva dana u nedelji, petkom i subotom,a akcenat je na domaćim i stranim pop rok hitovima i elektronskoj muzici.\r\nSplav Sindikat je otpočeo svoju misiju podizanja beogradskog klabinga na novi nivo, a njihovi gosti su svedoci muzičke revolucije na reci. Splav Sindikat uglavnom okuplja stariju klijentelu, pa ćete retko sresti maloletna lica. Ponekad je premali za sve goste i poznate ličnosti, zato je obavezno rezervisati svoje mesto na vreme.\r\nPrednost ovog splava je ta što se u njegovoj neposrednoj blizini nalazi veliki besplatni parking, ali je pitanje da li ćete nakon lude noći na Sindikatu uspeti da pronađete svog četvorotočkaša. \r\n\r\n', '2015-06-15 14:55:05', 2, '2015-08-15'),
(33, 8, 'Nargila bar Hollywood', 'info@gdezavikend.rs', '061 6508955', 'https://www.facebook.com/pages/Nargila-Bar-Hollywood/75464175795', '44.780262, 20.501304', 'nargila.jpg', 'Svako ko voli da uživa uz dobru Nargilu, trbušne plesačice, hip-hop dancere i sve ostalo sto ide u sklopu naseg originalnog mesta, Hollywood Nargila Bar je pravo mesto i odličan izbor za njega. Hollywoodska muzika i ambijent ce vas uciniti nasom zvezdom. Sve ukuse nargile koristimo iz Egipta. Drugaciji smo od drugih. Dodjite i uverite se. ', '2015-06-15 15:21:00', 2, '2015-08-15'),
(34, 4, 'Muzej avijacije Surcin', 'info@gdezavikend.rs', '-', 'http://www.muzejvazduhoplovstva.org.rs/', '44.8191501,20.28541', 'muzej1.jpg', 'Pozivamo Vas da organizujete posetu Muzeju vazduhoplovstva, u želji da mlade upoznamo sa istorijom i razvojem vazduhoplovstva i sa nama "prošetate" kroz vek avijacije u našoj zemlji.\r\n\r\nMuzej vazduhoplovstva je institucija osnovana u saradnji vojnog i civilnog vazduhoplovstva 1957. godine, dok je zgrada Muzeja otvorena je 1989. godine sa oko 6000 m2 izložbenog prostora. U Muzeju smeštena je stalna postavka sa 55 originalnih aviona, jedrilica i helikoptera, više desetina avionskih motora i druge opreme i delova, i tematske izložbe "Vek avijacije u Srbiji, Ivan Sarić 1910-2010", "20 godina od otvaranja zgrade Muzeja", "Srpska avijatika 1912-1918 godine", "Vazduhoplovstvo u Aprilskom ratu 1941. godine" kao i izložba delova oborenih letelica iz NATO napada na SRJ 1999. godine (F-117 «nevidljivi», F-16, Predator i dr.). Na spoljnoj postavci Muzeja smešteno je više desetina aviona, helikoptera i druge opreme, koji su do nedavno bili u sastavu domaće avio-flote i Vazduhoplovstva i protivvazdušne odbrane.\r\nMuzej se po broju i vrednosti eksponata ubraja među vodeće vazduhoplovne muzeje u svetu, i jedan je od najposećenijih je muzeja u našoj zemlji sa oko 40.000 posetilaca godišnje. Oko 70% posetilaca čine deca od predškolskog uzrasta do studenata. Muzej ima već tradicionalnu višegodišnju saradnju sa školama i turističkim agencijama, tako da broj posetilaca od otvaranja zgrade Muzeja, od 1989. godine do danas dostiže broj od preko milion posetilaca, od toga preko 650.000 dece.\r\n\r\n', '2015-06-15 16:16:59', 3, '2015-08-15'),
(35, 4, 'Kalemegdanska tvrdjava', 'info@gdezavikend.rs', '-', 'http://www.beogradskatvrdjava.co.rs/', '44.8233459,20.4508566', 'Kalemegdan.jpg', 'Калемегдан је највећи београдски парк.\r\nИстовремено је најзначајнији културно-историјски комплекс, у којем доминира Београдска тврђава изнад ушћа Саве у Дунав. Назив Калемегдан односи се само на просторни плато окотврђаве који је осамдесетих година 19. века претворен у парк. Плато је, док је тврђава била главно војно упориште Београда, служио да се непријатељ осмотри и сачека за борбу. Његово име потиче од турских речи кале (тврђава) и мејдан (бојиште). Турци су Калемегдан називали и Фићир-бајир што значи „брег за размишљање“.\r\nПреуређивање у парк отпочело је, после предаје тврђаве Србима (1867), по наређењу кнеза Михаила Обреновића. Идејне скице за уређење Калемегдана направио је први београдски урбаниста Емилијан Јосимовић. Зеленило је засађено између 1873. и 1875. године, када је Београдском тврђавом командовао пуковник Драгутин Жабарац, некадашњи први ађутанткнеза Михаила Обреновића.\r\nПланско уређивање Калемегдана је почело 1890. године. Тада је војска предала парк Београдској општини. Ондашњи председник општине Никола Пашић одобрио је први кредит за уређивање Калемегдана од 10.000 тадашњих динара. Године 1905. приступило се проширивању парка, уређивањем Малог Калемегдана, који се простирао од павиљона "Цвијета Зузорић" до Зоолошког врта.\r\nПре Првог светског рата Калемегдански парк завршавао се на месту где су сада камене степенице (воде према доњој тераси). Земљиште иза ових степеница било је све до 1929. потпуно неуређено и обрасло коровом. После 1931. парковске површине проширене су и на Горњи град. У парку је постављено више споменика познатим културним и јавним радницима. На Калемегдану се налазе Војни музеј, Уметнички павиљон „Цвијета Зузорић“, Градски завод за заштиту споменика културе,Зоолошки врт, Римски бунар, дечји забавни парк, Гробница народних хероја, већи број спортских игралишта и угоститељских објеката и Природњачки музеј.\r\n', '2015-06-15 16:19:24', 3, '2015-08-15'),
(36, 4, 'Ada Beograd', 'info@gdezavikend.rs', '-', 'http://www.adaciganlija.rs/', '44.7835338,20.3949326', 'ada.jpg', 'Ada Ciganlija je rečno ostrvo na Savi u Beogradu koja je veštačkim putem pretvorena u poluostrvo. Takođe to je ime za susedno Savsko jezero nastalo pregrađivanjem Save i plaže na jezeru. Ada Ciganlija je u prošlih nekoliko decenija pretvorena od mesta poznatog po zatvoru i izvršenju smrtnih kazni u izuzetno popularnu višefunkcionalnu rekreacionu zonu u Beogradu, poznatu po svojim plažama i sportskim objektima, koje tokom leta imaju preko 100.000 posetilaca tokom radnih dana  i do 300.000 posetilaca vikendom. Zbog svoje popularnosti Ada Ciganlija se često u žargonu naziva beogradskim morem.\r\n\r\nPlaža oko Savskog jezera je u celosti uređena i opremljena neophodnim infrastukturnim objektima, pa je jedna od najvećih i najlepših plaža na veštačkim jezerima u Evropi. Voda Savskog jezera je toplija od rečne i čistija i jezero je pogodno za masovnu rekreaciju. Savsko jezero svojim položajem, kvalitetom vode, opremljenošću objekata i dužinom staza je veoma pogodno za vrhunska takmičenja na mirnim vodama. Jezero je pogodno za plivanje, veslanje, kajak, vaterpolo, skokove u vodu, jedrenje na dasci i druge sportove, pa je na njemu održano više svetskih i domaćih prvenstava.\r\n\r\n', '2015-06-15 16:20:41', 3, '2015-08-15'),
(37, 4, 'Avala', 'info@gdezavikend.rs', '-', 'http://www.avalskitoranj.rs/flash/Avalski%20toranj_avalski%20tor', '44.6891661,20.5161111', 'Avala.jpg', 'Avala je planina u Srbiji. Ima nadmorsku visinu od 511 m. Smatra se jednom od najpopulatnijih odredišta za duži boravak u prirodi i na čistom vazduhu, udaljena od centra Beograda 17 km.Obrasla je listopadnom u centralnom delu i četinarskom šumom. Prirodni kompleks Avale zaštićen je od 1859.\r\nU srednjem veku na vrhu Avale nalazio se grad Žrnov, koji je i kontrolisao prilaz Beogradu.Turci su ga osvojili u 15. veku i preuredili ga za svoje potrebe. Napušten je i u ruševinama od 18. veka, a 1934. ostaci grada su porušeni da bi se na njegovom mestu podigao spomenik Neznanom junaku.\r\nSam naziv Avala potiče iz 14.tog veka Avali (arap.) "Golo brdo" u 19 veku je pošumljena planina Avala. Na vrhu planine podignut je 1938. mauzolej, Spomenik Neznanom junaku, delo Ivana Meštrovića posvećeno srpskim junacima iz Prvog svetskog rata.\r\nPre samog vrha Avale postoji još jedan monumentalni spomenik tragično stradalim Rusima 19. oktobra 1964. U udesu ruskog aviona „Iljušin-18“, koji se srušio na Avalu, poginuli su svi putnici među kojima je bila šestočlana delegacija sovjetske armije sa maršalomSergejem Birjuzovim na čelu. Delegacija je upućena u Beograd da bi učestvovala u proslavi 20-godišnjice oslobođenja Beograda.\r\n\r\nAvalski televizijski toranj je toranj na planini Avali, pored Beograda.\r\nPrvobitno pušten u rad 1965, srušen je u NATO bombardovanju SR Jugoslavije 29. aprila 1999. Nakon obnove u trajanju od tri godine, Avalski toranj je otvoren u prisustvu državnog vrha Republike Srbije 21. aprila 2010.\r\n\r\nAvalski toranj je bio jedan od zaštitnih znakova Beograda. Putnici koji bi drumom prilazili Beogradu znali bi da su nadomak grada kada bi ugledali Avalski toranj.\r\n', '2015-06-15 16:21:43', 3, '2015-08-15'),
(38, 4, 'Botanička basta Beograd', 'info@gdezavikend.rs', '-', 'https://plus.google.com/108449893458438570699/about?gl=rs&hl=sr', '44.8156351,20.4732718', 'Botanicka basta.jpg', 'Botanička bašta Jevremovac je botanička bašta u Srbiji. Ima status spomenika prirode II kategorije i zaštićena je kao spomenik kulture. Ona je zajedno sa Institutom za botaniku nastavna jedinica Biološkog fakulteta uUniverziteta u Beogradu. Botanička bašta pokriva površinu od 4,8183 hektara i na njoj se nalazi oko 1.000 biljnih vrsta, staklena bašta od 500 kvadratnih metara (podignuta 1892. godine), zgrade Instituta za botaniku sa izuzetno vrednim herbarijumom (osnovan 1860) i bibliotekom (osnovana 1853. godine) sa oko 13.000 bibliotečkih jedinica. Botanička bašta se nalazi na nadmorskoj visini od 86,82 m do 99,85 m.\r\n\r\nNalazi se u užem centru Beograda, na teritoriji Općine Stari grad i okružena je značajnim saobraćajnicama, koji povezuju glavnu sa dunavskom željezničkom stanicom, ulicama Kneza Miloša, Takovskom, Cvijićevom, Đure Đakovića i Trgom Republike (Bulevar Kralja Aleksandra). Sa istočne strane se graniči ulicom Vojvode Dobrnjca, sa zapadne se nalazi kompleks zgrada, sa sjeverne je ulica Despota Stefana, sa južne Dalmatinska, a sa jugoistočne je Takovska ulica.\r\n', '2015-06-15 16:22:58', 3, '2015-08-15');
INSERT INTO `offer` (`id`, `catgry`, `name`, `email`, `phone`, `website`, `location`, `image`, `descript`, `added`, `priority`, `expires`) VALUES
(39, 4, 'Zoo vrt Beograd', 'info@gdezavikend.rs', '-', 'http://www.beozoovrt.rs/o-nama/', '44.8259963,20.4537321', 'Zoo vrt.jpg', 'Zoološki vrt grada Beograda (Vrt dobre nade) prostire se na 6 hektara površine u parku Kalemegdanu. Dugogodišnji direktor je bio Vuk Bojović.\r\nU beogradskom zoološkom vrtu trenutno živi 211 životinjskih vrsta i oko 2 000 jedinki. Od toga 52 vrste čine ptice, 47 sisari i 12 reptili. U Vrtu živi mnogo ugroženih vrsta. Poznate životinje historije Vrta su pas Gabi i čimpanza Sami.\r\nAtrakcija Vrta su bijeli lavovi.\r\nBeogradski zoološki vrt osnovan je 1936 godine. Svečano ga je otvorio gradonačelnik Vlada Ilić 12. jula te godine. Prvi stanovnici vrta bili su velike mačke, medvjedi, vukovi, primati, ptice i egzotični herbivori. Prvi direktor bio je Aleksandar Krstić.\r\nKada je formiran, ZOO je obuhvaćao površinu od 3,50 hektara, da bi bio proširen na 7 i na kraju na 14 hektara. U toj formi dočekao je Drugi svjetski rat. Tokom njega bombardovan je 1941 i 1944, tako su sve životinje poginule osim nekolicine.\r\nZbog razaranja i smanjenja broja eksponata, ZOO je nakon rata smanjen na 6 hektara, koliko i danas zauzima.\r\n\r\nVise na  http://www.beozoovrt.rs/o-nama/\r\n', '2015-06-15 16:23:56', 3, '2015-08-15'),
(40, 4, 'Djavolja Varoš', 'info@gdezavikend.rs', '-', 'http://www.djavoljavaros.com/jedinstvenost.php', '43.0105469,21.4088889', 'Djavolja Varos.jpg', 'Spomenik prirode „Đavolja Varoš“ nalazi se na jugu Srbije, 27 km jugoistočno od Kuršumlije, a 89 km jugozapadno od Niša. Od Beograda je udaljen 288 km.\r\n \r\nOvaj prirodni spomenik čine dva, u svetu retka, prirodna fenomena: zemljane figure, kao specifični oblici reljefa koji u prostoru deluju vrlo atraktivno, i dva izvora jako kisele vode sa visokom mineralizacijom.\r\nOva dva u svetu retka prirodna fenomena posmatrana zajedno „Đavolju Varoš“ čine pravim svetskim čudom prirode. Atraktivnost dva neviđena čuda prirode dopunjuju okolni prirodni ambijent koji oko zemljanih figura deluje surovo, skoro mistično, a u širem okruženju živopisno i pitomo, kao i ostaci naselja, stare crkve, groblja i nekoliko zanimljivih rudarskih jama.\r\n \r\nLokalitet „Đavolja Varoš“ je stavljen pod zaštitu države još 1959. godine, a 1995. godine je Uredbom Vlade Republike Srbije proglašen za prirodno dobro od izuzetnog značaja i stavljen u prvu kategoriju zaštite - SPOMENIK PRIRODE. Ukupno je zaštićeno 67 ha površine. Trenutno se kod vlade RS nalazi zahtev za zaštitu 1014 ha.\r\n', '2015-06-15 16:25:11', 2, '2015-08-15'),
(42, 7, 'Na Vodi Kafana', 'info@gdezavikend.rs', '0603047197', 'https://www.facebook.com/navodikafana?fref=ts', '44.810770, 20.445985', 'navodi.jpg', 'Kafana Na Vodi Kafana nalazi se na najpopularnijem beogradskom mestu za letnji provod, na Savskom Keju u ulici Brodarska 1a.\r\nSvi znamo da proleće nije ono pravo ako nije na reci, a kafana Na Vodi Kafana je jedan potpuno novi koncept kafanskog provoda koji još niste doživeli. Vođeni idejom da provod na reci bude za pamćenje, osmišljen je ovaj tip "kafanskog splava".\r\nKafana Na Vodi Kafana je zamišljena kao mesto gde će tokom noći biti dva provoda, odnosno dve muzike. S početkom od 22 h, pa do tri ujutro sviraće se provereni, ali i aktuelni kafanski hitovi, a nakon toga, do zore će uslediti "after gipsy party", sa hitovima romske muzike, ali i atmosferom koju nosi ovaj vid zabave prepun pozitivnih iznenađenja.\r\nKafana Na Vodi Kafana radiće za sada četvrtkom, petkom i subotom od 22 časa pa sve do zore. Za sve koji provod vole da započnu i završe dobrim zalogajem, kafana Na Vodi Kafana je mislila i na to, pa je pripremila mezetluke i specijalitete sa roštilja. Pored bogate ponude alkoholnih i bezalkoholnih pića, omiljenih rakija i vina, gosti će moći da uživaju i u roštilju koji će spremati leskovački majstori.\r\nEnterijer kafane Na Vodi Kafana je tipičan kafanski. Zidovi u cigli, drvene stolice i stolovi, stari lusteri i fotografije najpoznatijih narodnih pevača. Pravi merak se ovde prosto doživi.\r\nPo prvi put u gradu imate mogućnost da osetite kompletnu kafansku usluga na nivou, i to sve u noćnom provodu. Dođite i proverite zašto je kafana Na Vodi Kafana bolja i drugačija od drugih!\r\nReka je oduvek bila inspiracija i sinonim za uživanje, opuštanje i dobar provod. A Beograd leti živi upravo na rekama! Zato se ove sezone na Savi preselite u kafanu Na Vodi Kafana, novo mesto koje će svim ljubiteljima kvalitetnog provoda i dobrih, starih kafanskih hitova biti odrednica za vrhunski provod.\r\n', '2015-06-15 22:47:16', 0, '2015-08-15'),
(43, 9, 'Planina Besna kobila', 'info@gdezavikend.rs', '017/418-809', 'http://www.besnakobila.rs/', '42.5201057,22.1686717', 'besnakobila.jpg', 'Planina Besna kobila se nalazi na jugu Srbije, 40km istočno od Vranja, u neposrednoj blizini međunarodnog autoputa E-75. U podnožju planine se nalazi i Vranjska banja poznata po lekovitim izvorima termalne vode.\r\nNajviši vrh se nalazi na 1923m nadmorske visine i sa njega mogu da se vide Kopaonik, Šara, kao i planina Rila u Bugarskoj. Besna kobila je deo Rodopskog planinskog masiva i sastavljena je uglavnom od granita. Vrhovi su većim delom godine pod snegom Podnožje planine čine šume, dok su viši delovi pod pašnjacima. Besnu kobilu karakteriše biljno bogatstvo koje se zasniva na divljem, samoniklom, lekovitom bilju i divljim plodovima, odnosno raznovrstan biljni svet sa preko 700 vrsta drvenastih, žbunastih i zeljastih biljaka. Među najpoznatijim vrstama lekovitog bilja koje rastu na Besnoj kobili su: kantarion, divizma, kopriva, kičica, nana, oman, hajdučka trava, borovnica, malina, maslačak, matičnjak Takođe, planinski pašnjaci, šume, nezagađeno zemljište, voda i vazduh, pružaju odlične uslove za boravak i odmor na Besnoj kobili.', '2015-06-16 18:33:49', 0, '2015-08-15'),
(44, 9, 'Vajati Bačevci na Drini', 'Info@VajatiBacevciNaDrini.rs', '(063) 243-530', 'http://www.VajatiBacevciNaDrini.rs', '44.088340, 19.506691', 'vajati.jpg', 'Vajati Bačevci na Drini su mesto koje će Vam pruziti maksimalni užitak, uzivanje i odmor. Nalaze se na samoj Drini i u sklopu  su sa 3 vajata. Maksimalan smeštajni kapacitet je 7 osoba. Vajat je opremljen i prilagođen za boravak u savremenim uslovima života. U blizini vajata nalaze se dobro snabdevene prodavnice mešovite robe, tri kafane, pošta i crkva.  Gostima je na raspolaganju vajat sa dve spavaće sobe, dnevnom sobom, kuhinjom i trpezarijom. Terasa vajata ima pogled na Drinu i bazen.  Vajat je napravljen od poluoblica jele i smrče što boravak u njemu čini posebnim.\r\nOdmor možete upotpuniti sportskim aktivnostima kao što su mali fudbal, stoni tenis, stoni fudbal, vožnja bicikla, plivanje, ribolov.\r\n', '2015-06-24 13:41:02', 1, '2015-08-15');

-- --------------------------------------------------------

--
-- Table structure for table `order`
--

CREATE TABLE IF NOT EXISTS `order` (
  `id` int(8) NOT NULL AUTO_INCREMENT,
  `user` int(8) NOT NULL,
  `offer` int(4) NOT NULL,
  `added` datetime NOT NULL,
  PRIMARY KEY (`id`)
) ENGINE=InnoDB DEFAULT CHARSET=utf8 COLLATE=utf8_unicode_ci AUTO_INCREMENT=1 ;

-- --------------------------------------------------------

--
-- Table structure for table `slide`
--

CREATE TABLE IF NOT EXISTS `slide` (
  `id` int(11) NOT NULL AUTO_INCREMENT,
  `title` varchar(32) COLLATE utf8_unicode_ci NOT NULL,
  `image` varchar(64) COLLATE utf8_unicode_ci NOT NULL,
  `link` varchar(64) COLLATE utf8_unicode_ci NOT NULL,
  `priority` int(11) NOT NULL,
  `created` datetime NOT NULL,
  PRIMARY KEY (`id`)
) ENGINE=InnoDB  DEFAULT CHARSET=utf8 COLLATE=utf8_unicode_ci AUTO_INCREMENT=6 ;

--
-- Dumping data for table `slide`
--

INSERT INTO `slide` (`id`, `title`, `image`, `link`, `priority`, `created`) VALUES
(1, 'GdeZaVikend', 'vikend.jpg', 'http://gdezavikend.rs/', 1, '2015-06-23 22:34:23'),
(2, 'Shake ''n'' Shake', 'shake.jpg', 'http://www.shake-n-shake.com/', 3, '2015-06-23 22:35:23'),
(3, 'Petrolend', 'petrolend.jpg', 'http://www.petroland.rs/', 2, '2015-06-23 22:36:04'),
(4, 'Splav River', 'river.jpg', 'https://www.facebook.com/splavriverofficial', 4, '2015-06-23 22:38:20'),
(5, 'Jimmy Woo', 'jwoo.jpg', 'https://www.facebook.com/jimmywoobegd', 5, '2015-06-23 22:39:06');

-- --------------------------------------------------------

--
-- Table structure for table `user`
--

CREATE TABLE IF NOT EXISTS `user` (
  `id` int(2) NOT NULL AUTO_INCREMENT,
  `role` int(1) NOT NULL,
  `fname` varchar(16) COLLATE utf8_unicode_ci NOT NULL,
  `lname` varchar(16) COLLATE utf8_unicode_ci NOT NULL,
  `email` varchar(48) COLLATE utf8_unicode_ci NOT NULL,
  `pswd` varchar(60) COLLATE utf8_unicode_ci NOT NULL,
  `added` datetime NOT NULL,
  PRIMARY KEY (`id`)
) ENGINE=InnoDB  DEFAULT CHARSET=utf8 COLLATE=utf8_unicode_ci AUTO_INCREMENT=6 ;

--
-- Dumping data for table `user`
--

INSERT INTO `user` (`id`, `role`, `fname`, `lname`, `email`, `pswd`, `added`) VALUES
(1, 3, 'Milos', 'Dodic', 'losmi@live.com', '$2y$13$zY1iox1eP3xztR87snE0V.5z6Q..1289Hb7oachjwN95Kp.7JdeZ2', '2015-05-18 00:00:00'),
(2, 3, 'Stefan', 'Veljkovic', 'stefanveljkovicvr@gmail.com', '$2y$13$zY1iox1eP3xztR87snE0V.5z6Q..1289Hb7oachjwN95Kp.7JdeZ2', '2015-06-14 18:37:07'),
(3, 3, 'Aleksa', 'Vranic', 'avranicgrf@gmail.com', '$2y$13$zY1iox1eP3xztR87snE0V.5z6Q..1289Hb7oachjwN95Kp.7JdeZ2', '2015-06-14 18:38:37'),
(4, 3, 'Aleksandar', 'Tasic', 'aleksandar@gmail.com', '$2y$13$zY1iox1eP3xztR87snE0V.5z6Q..1289Hb7oachjwN95Kp.7JdeZ2', '2015-06-14 18:38:59'),
(5, 2, 'Jana', 'Zivaljevic', 'zjana@gmail.com', '$2y$13$zY1iox1eP3xztR87snE0V.5z6Q..1289Hb7oachjwN95Kp.7JdeZ2', '2015-08-23 09:55:45');

-- --------------------------------------------------------

--
-- Table structure for table `video`
--

CREATE TABLE IF NOT EXISTS `video` (
  `id` int(11) NOT NULL AUTO_INCREMENT,
  `title` varchar(64) COLLATE utf8_unicode_ci NOT NULL,
  `link` varchar(256) COLLATE utf8_unicode_ci NOT NULL,
  `descript` text COLLATE utf8_unicode_ci NOT NULL,
  `added` datetime NOT NULL,
  PRIMARY KEY (`id`)
) ENGINE=InnoDB  DEFAULT CHARSET=utf8 COLLATE=utf8_unicode_ci AUTO_INCREMENT=4 ;

--
-- Dumping data for table `video`
--

INSERT INTO `video` (`id`, `title`, `link`, `descript`, `added`) VALUES
(1, 'GdeZaVikend QUAD Challenge', 'TfdMppp69Cw', 'Lorem Ipsum is simply dummy text of the printing and typesetting industry. Lorem Ipsum has been the industry''s standard dummy text ever since the 1500s, when an unknown printer took a galley of type and scrambled it to make a type specimen book. It has survived not only five centuries, but also the leap into electronic typesetting, remaining essentially unchanged. It was popularised in the 1960s with the release of Letraset sheets containing Lorem Ipsum passages, and more recently with desktop publishing software like Aldus PageMaker including versions of Lorem Ipsum.', '2015-08-19 20:51:08'),
(2, 'GdeZaVikend Off Road', 'mmTPCq-3hnE', 'Lorem Ipsum is simply dummy text of the printing and typesetting industry. Lorem Ipsum has been the industry''s standard dummy text ever since the 1500s, when an unknown printer took a galley of type and scrambled it to make a type specimen book. It has survived not only five centuries, but also the leap into electronic typesetting, remaining essentially unchanged. It was popularised in the 1960s with the release of Letraset sheets containing Lorem Ipsum passages, and more recently with desktop publishing software like Aldus PageMaker including versions of Lorem Ipsum.', '2015-08-19 21:18:07'),
(3, 'GdeZaVikend Humanitarac', 'jXHn3JkbPJM', 'Lorem Ipsum is simply dummy text of the printing and typesetting industry. Lorem Ipsum has been the industry''s standard dummy text ever since the 1500s, when an unknown printer took a galley of type and scrambled it to make a type specimen book. It has survived not only five centuries, but also the leap into electronic typesetting, remaining essentially unchanged. It was popularised in the 1960s with the release of Letraset sheets containing Lorem Ipsum passages, and more recently with desktop publishing software like Aldus PageMaker including versions of Lorem Ipsum.', '2015-08-19 21:19:15');

/*!40101 SET CHARACTER_SET_CLIENT=@OLD_CHARACTER_SET_CLIENT */;
/*!40101 SET CHARACTER_SET_RESULTS=@OLD_CHARACTER_SET_RESULTS */;
/*!40101 SET COLLATION_CONNECTION=@OLD_COLLATION_CONNECTION */;
